Top-K%,Accuracy,Kendall's Tau
Top-1%,0.9380000000000001,0.8912308121611627
Top-5%,0.9288933333333332,0.8912308121611627
Top-10%,0.92558,0.8912308121611627
